sample_id,product_name,brands,query,text_blob,image_url,gold_claim_detected,gold_specificity,gold_risk_score,gold_notes
P001,Nussmix,Alesto,vegan,"Product name: Nussmix
Brand: Alesto
Generic name: Nusskernmischung, naturbelassen
Ingredients: 25% Walnusskerne, 25% Haselnusskerne, 25% Cashewkerne, 25% blanchierte Mandeln. Kann Spuren von anderen Schalenfrüchten und Erdnüssen enthalten.
Labels: Vegetariano,Omega-3,Fuente de proteínas,Vegano,Nutriscore A,Source of omega-3,V-Label International,V-Label International Vegan
Categories: Alimentos y bebidas de origen vegetal,Alimentos de origen vegetal,Frutos de cáscara y derivados,Frutos de cáscara,en:Mixed nuts,Mezcla de frutos secos sin cáscara
Packaging: pecan, noix du Brésil, pistaches, noix de contenir des traces pisettes, macadamia) et d'arachides. Conditionné sous atmosphère protectrice. A conserver à l'abri de la chaleur et de l'humidité. Non ouvert, à consommer de préférence avant le: voir au-dessous. Attention: la consommation de fruits à coque est déconseillée aux jeunes enfants en raison des risques d'étouffement. Ce produit est un produit naturel. En dépit des contrôles 25% 200 ge von:/Produit par:/Prodotto da: Solent GmbH & Co. KG, Hansemann-Str. 1-25, D-52531 Übach-Palenberg, and/Allemagne/Germania Eiweiss/Protéines/Proteine Salz/Sel/Sale étrangers (e.a. des résidus d'écorces). Les valeurs des résidus de corps Erwachsenen (8400 kJ/2000 adulte-type (8400 kJ/2000 kcal adulto medio (8400 kJ/2000 kcal A nutritionnelles indiquées sont soumises aux variations biologiques RI (reference intake) Refere 25% nocciole, 25% noci di acagiù, 25% mandorle pelate. Può contenere IT CH Mix di frutta a guscio sgusciata. Ingredienti: 25% noci, noci macadamia) e arachidi. Confezionato in atmosfera protettiva. tracce di altra frutta a guscio (noci di pecan, noci del Brasile, pistacchi, Omega-3-Fettsäuren: 2,2 g/100g/ Acidi grassi Om Diese Verpackung enthält ca 65 Conservare in luogo fresco e asciutto. Da consumarsi preferibilmente entro il fim confezione integra): vedere sotto. Attenzione: la frutta a guscio non è environ 6,5 portions de 30 g/Que adatta ai bambini piccoli, rischio di soffocamento. Poiché si tratta di un prodotto naturale e nonostante una lavorazione accurata non si garantisce la mpleta eliminazione di noccioli e corpi estranei (frammenti di noccioli, ecc.). Confezione: 7 (Plastica). Raccolta differenziata. Verifica le izioni del tuo Comune. gewicht:/ net/Peso netto: di cui acidi grassi saturi gras saturés/ Kohlenhydrate/Glucides/ Carboidrati davon Zucker/dont suc di cui zuccheri Ballaststoffe/Fibres alime Fibre Prodotto per: Lidl Stiftung & Co. KG, Stiftsbergstr. 1, D-74167 Neckarsulm ad/Allemagne/Germania ✪ 0% Ungeöffnet mindestens a de préférence avant le/Dacon in confezione integral r 10% The weight of this p been reduced by 12% 24.12.202 L 3058 02 611 19/05/2023 11:25",https://images.openfoodfacts.org/images/products/000/002/004/7238/front_en.608.400.jpg,,,,
P002,Pain de mie Bio grandes tranches céréales & graines 500g,La boulangère bio,organic,"Product name: Pain de mie Bio grandes tranches céréales & graines 500g
Brand: La boulangère bio
Generic name: Pain de mie tranché aux céréales et graines issu de l'agriculture biologique
Ingredients: Farine de BLÉ*/** 56%, eau, levure, huile de tournesol*/** 4,5%, sucre de canne roux*, levure, graines de tournesol décortiquées* 3,4%, vinaigre de cidre*, flocons de BLÉ* 2,8 %, graines de lin brun* 2,8%, farine de SEIGLE * 1,6 %, graines de millet décortiquées* 1,6 %, GLUTEN DE BLÉ*, sel, farine d'ORGE maltée torréfiée* 0,2%, levure désactivée, agent de traitement de la farine : acide ascorbique. Traces éventuelles d'œufs, soja, lait, moutarde et graines de sésame. *Ingrédients issus de l'Agriculture Biologique. **Ingrédients issus du commerce équitable Français.
Labels: Fair trade,Organic,EU Organic,Non-EU Agriculture,1% for the planet,EU Agriculture,EU/non-EU Agriculture,Fair-Trade Organic,FR-BIO-01,FR-BIO-10,Green Dot,Made in France,Nutriscore,Nutriscore Grade A,AB Agriculture Biologique,Agri-Éthique France,fr:Farine de blé français,fr:Equitable & Local, Végétarien
Categories: Plant-based foods and beverages,Plant-based foods,Cereals and potatoes,Breads,Sliced breads,Multigrain sliced breads, Céréales et dérivés, en:Packaged breads
Packaging: Plastique,Sachet,Film en plastique,Sachet plastique et fermoir à jeter",https://images.openfoodfacts.org/images/products/376/004/979/4298/front_fr.194.400.jpg,,,,
P003,Céréales Muesli croustillant aux fruits rouges doypack de 500g,U,recyclable,"Product name: Céréales Muesli croustillant aux fruits rouges doypack de 500g
Brand: U
Generic name: Pépites croustillantes de céréales aux fruits rouges lyophilisés
Ingredients: Céréales [flocons d'AVOINE complète 55%, flocons de BLE complet 7.2%, farine de BLE 5.4%, céréales extrudées (semoule de riz, farine de BLE 1.9%, sucre, farine de MALT de BLE, sel, sucre caramélisé en poudre), pétales de maïs (maïs, sucre, extrait de MALT D'ORGE, sel, émulsifiant : mono - et diglycérides d'acides gras)], sucre, huile de tournesol (huile de tournesol, antioxydant : extrait riche en tocophérols), fruits rouges lyophilisés 3% (fraises, myrtilles, framboises), noix de coco en poudre, amidon de maïs, caramel (sucre, eau), arôme naturel. Traces éventuelles de soja, lait et fruits à coque
Labels: Emballage recyclable à 100%,Nutriscore,Nutriscore B,Transformé en France,3-de-fruits,Triman,Riche en fibres
Categories: Aliments et boissons à base de végétaux, Aliments d'origine végétale, Petit-déjeuners, Céréales et pommes de terre, Céréales et dérivés, Céréales pour petit-déjeuner, Céréales aux fruits, Mueslis, Mueslis croustillants, Mueslis aux fruits, Mueslis croustillants aux fruits
Packaging: Plastique, Sachet, Carton, Paquet, Gourde, Pensez au tri!, Point vert, Sachet en plastique, Sachet plastique à jeter",https://images.openfoodfacts.org/images/products/325/622/039/4086/front_fr.133.400.jpg,,,,
P004,Biscuit lait chocolat,"Gerblé,Gerblé Vitalité,Nutrition & Santé",natural,"Product name: Biscuit lait chocolat
Brand: Gerblé,Gerblé Vitalité,Nutrition & Santé
Generic name: Biscuits aux pépites de chocolat et au lait, source de vitamine B6, B9, E, calcium et magnésium
Ingredients: Farine de blé 53,5%, sucre non raffiné, huile de colza, pépites de chocolat 8,4% (pâte de cacao¹, sucre, beurre de cacao', émulsifiant: lécithines (soja)), germe de blé 5,5%, farine de maïs, lait fermenté écrémé pasteurisé en poudre 2,6%, poudres à lever (tartrates de potassium, carbonates de sodium, carbonates d'ammonium), fibres d'avoine, magnésium, arôme naturel, sel de mer, émulsifiant: lécithines, amidon de blé, vitamines (E, B6, B9).
Labels: Low or no fat,Low fat,No preservatives,Reduced fat,Source of fibre,Sustainable farming,Calcium source,EU Agriculture,Green Dot,High fibres,Made in France,Magnesium source,Natural flavors,No colorings,No dyes or preservatives,No palm oil,Nutriscore,Nutriscore Grade C,Rainforest Alliance,Rainforest Alliance Cocoa,UTZ Certified,UTZ Certified Cocoa,Vitamin B6 source,Vitamin B9 source,Vitamin E source,fr:Farine de blé français,fr:Ble-durable
Categories: Snacks,Sweet snacks,Biscuits and cakes,Biscuits and crackers,Biscuits,Chocolate biscuits
Packaging: Plastic,Box,Dry,fr:Etui en carton,fr:Sachet en plastique",https://images.openfoodfacts.org/images/products/317/568/001/1534/front_fr.186.400.jpg,,,,
P005,Boisson à l’avoine,Alpro,vegan,"Product name: Boisson à l’avoine
Brand: Alpro
Generic name: Boisson à l'avoine avec calcium et vitamines ajoutés
Ingredients: Eau, avoine 10%, huile de tournesol, calcium, fibres de chicorée, sel marin de table, stabilisant : gomme gellane, iodure de potassium, vitamines B2, B9, D2
Labels: Végétarien,Sans conservateurs,Source de fibres alimentaires,Végétalien,100% végétal,Source de calcium,Entreprise B certifiée,Agriculture UE,Union Végétarienne Européenne,Union Végétarienne Européenne Végétalien,FSC,FSC Mix,Point Vert,Riche en fibres,Sans sucre ajouté,Sans colorants,Sans lactose,Sans acides gras trans,Nutriscore,Nutriscore A,Riche en vitamine B,Source de vitamine B12,Source de vitamine D,À l'huile de tournesol,Sans ajout de produit laitiers,Sans édulcorants,Triman,Vegan Cert
Categories: Boissons et préparations de boissons,Aliments et boissons à base de végétaux,Boissons,Aliments d'origine végétale,Céréales et pommes de terre,Substituts de produits laitiers,Céréales et dérivés,Substituts du lait,Boissons à base de végétaux,Boissons végétales,Boissons végétales de céréales,Boissons sans sucre ajouté,Boissons à l'avoine,Boisson avoine
Packaging: en:composite-carton",https://images.openfoodfacts.org/images/products/541/118/811/5366/front_en.270.400.jpg,,,,
P006,Pomme Noisette,Gerblé,natural,"Product name: Pomme Noisette
Brand: Gerblé
Generic name: Biscuits aux pommes et aux noisettes, très pauvres en sel, riches en vitamines B1, B2, B9 et E et source de vitamines PP et B6
Ingredients: Farine de blé 68,6%, huile de colza, sirop de sucres issu de fruits, jus de pomme concentré 5,3%, noisettes torréfiées 5,3%, germe de blé 5,2%, fibres de chicorée, extrait de malt d'orge, arôme naturel de pomme, émulsifiant : lécithines, poudres à lever (carbonates de potassium, tartrates de potassium), amidon de blé, vitamines (E, PP, B2, B6, B1, B9).
Labels: Low or no sugar,Low sugar,Enriched with vitamins,Low or no Sodium,No preservatives,Non-EU Agriculture,Reduced sugar,Rich in vitamin E,Source of fibre,Sustainable farming,EU Agriculture,EU/non-EU Agriculture,High fibres,Low Sodium,Made in France,Natural flavors,No colorings,No dyes or preservatives,No palm oil,Nutriscore,Nutriscore Grade A,Rich in vitamin B1,Rich in vitamin B9,Vitamin B6 source,Without sweeteners,fr:Farine de blé français,Triman
Categories: Snacks,Sweet snacks,Biscuits and cakes,Biscuits and crackers,Biscuits,Dry biscuits
Packaging: R PENSEZ AU TRI ! FILM PLASTIQUE ETUI CARTON À JETER O A RECYCLER",https://images.openfoodfacts.org/images/products/317/568/185/1849/front_fr.267.400.jpg,,,,
P007,Geröstete Mandel Ohne Zucker,alpro,vegan,"Product name: Geröstete Mandel Ohne Zucker
Brand: alpro
Generic name: Mandeldrink, angereichert mit Calcium und Vitaminen
Ingredients: Wasser, _Mandeln_ (2,3%), Calcium (Calciumcarbonat), Meersalz, Stabilisatoren (Guarkernmehl, Gellan), Emulgator (Lecithine), natürliches Aroma, Vitamine B12, D2, E.
Labels: Peu ou pas de matière grasse,Peu ou pas de sucre,Végétarien,Peu de matière grasse,Sans gluten,Sans lait,Sans conservateurs,Végétalien,Source de calcium,Entreprise B certifiée,Union Végétarienne Européenne,Union Végétarienne Européenne Végétalien,FSC,FSC Mix,Faible teneur en graisses saturées,Sans colorants,Sans colorants ou conservateurs,Sans sucre,Nutriscore,Nutriscore B,À base de plantes,The Vegan Society,Sans édulcorants,Triman
Categories: Boissons et préparations de boissons,Aliments et boissons à base de végétaux,Boissons,Aliments d'origine végétale,Substituts de produits laitiers,Substituts du lait,Fruits à coques et dérivés,Boissons à base de végétaux,Boissons végétales,Boissons végétales de fruits à coque,Laits d'amande
Packaging: Kunststoff, Verbundstoff, Tetra Pak, Ziegel, Packung, Tetra Brik, Tetra Brik Aseptic, en:composite-carton",https://images.openfoodfacts.org/images/products/541/118/811/2709/front_en.927.400.jpg,,,,
P008,Avoine - Boisson biologique,Bjorg,organic,"Product name: Avoine - Boisson biologique
Brand: Bjorg
Generic name: Boisson biologique à base d'avoine et d'algue Lithothamniul calcareum source de calcium, stérilisée UHT
Ingredients: Eau, Avoine* 11%, Huile de tournesol* pressée à froid, Sel marin. *Ingrédients biologiques
Labels: Organic, EU Organic, Non-EU Agriculture, Certified B Corporation, EU Agriculture, EU/non-EU Agriculture, FR-BIO-01, FSC, FSC Mix, Green Dot, IT-BIO-005, IT-BIO-006, Made in Italy, Made in Spain, New recipe, No added sugar, Planet-Score, Planet-Score Grade A, AB Agriculture Biologique, Triman, Es-eco-033-cl, en:it-bio-007
Categories: Beverages and beverages preparations,Plant-based foods and beverages,Beverages,Plant-based foods,Cereals and potatoes,Dairy substitutes,Cereals and their products,Milk substitutes,Plant-based beverages,Plant-based milk alternatives,Cereal-based drinks,Unsweetened beverages,Oat-based drinks,fr:Boissons-vegetales-a-base-d-avoine
Packaging: Tetra Pak, Brick, Cardboard, fr:Brique carton et son bouchon à recycler, fr:Brique en carton, fr:Pensez au tri!, fr:Point vert, nl:FSC C014047, nl:FSC Mixte, nl:Foodsafe, nl:Tetra Brik Aseptic",https://images.openfoodfacts.org/images/products/322/982/079/2132/front_fr.178.400.jpg,,,,
P009,Soft Baked Breakfast Bars Strawberry,Kellogg's Nutri Grain,recycled,"Product name: Soft Baked Breakfast Bars Strawberry
Brand: Kellogg's Nutri Grain
Generic name: Soft baked breakfast bars with strawberries
Ingredients: CRUST: WHOLE GRAIN OATS, ENRICHED FLOUR (WHEAT FLOUR, NIACIN, REDUCED IRON, VITAMIN B, THAMIN MONONITRATE VITAMIN B₂ RIBOFLAVIN, FOLIC ACID), SOYBEAN OIL, WHOLE WHEAT FLOUR, SUGAR, DEXTROSE, FRUCTOSE, CALCIUM CARBONATE, VEGETABLE GLYCERIN, INVERT SUGAR, WHEY, SOLUBLE CORN FIBER, SALT, CELLULOSE, NATURAL FLAVOR, POTASSIUM BICARBONATE, VITAMIN AND MINERAL BLEND (SALT, NIACINAMIDE, REDUCED IRON, ZINC OXIDE, VITAMIN A PALMITATE, VITAMIN B₁ [THIAMIN HYDROCHLORIDE, VITAMIN B6 [PYRIDOXINE HYDROCHLORIDE, VITAMIN B₂ [RIBOFLAVIN), WHEAT BRAN, MONO - AND DIGLYCERIDES, SOY LECITHIN, WHEAT GLUTEN, CARRAGEENAN, GUAR GUM, FILLING INVERT SUGAR, CORN SYRUP, STRAWBERRY PUREE CONCENTRATE, VEGETABLE GLYCERIN, SUGAR, VEGETABLE JUICE FOR COLOR, MODIFIED FOOD STARCH, SODIUM CITRATE, SODIUM ALGINATE, CITRIC ACID, NATURAL FLAVOR, DICALCIUM PHOSPHATE, METHYLCELLULOSE, MALIC ACID
Labels: U,No high fructose corn syrup,Certified 100% Recycled Paperboard
Categories: Fruits cereal bars
Packaging:",https://images.openfoodfacts.org/images/products/003/800/035/9002/front_en.42.400.jpg,,,,
P010,Muesli avoine chocolat bio,Bjorg,organic,"Product name: Muesli avoine chocolat bio
Brand: Bjorg
Generic name: Muesli
Ingredients: Flocons d'avoine* complète 37%, Flocons croustillants d'avoine* 33% (avoine complète, miel*), Flocons de blé* complet, Pétales de maïs au chocolat* 7% [pétales de maïs* (maïs*, sucre de canne* brut, sel de mer), sucre de canne* brut, beurre de cacao*, pâte de cacao*, lait* entier en poudre, agent d'enrobage : gomme arabique], Chocolat noir* 5% (pâte de cacao*, sucre de canne* brut, beurre de cacao*), Flocons d'épeautre* complet (blé), Billettes au cacao* (farine de blé*, sucre de canne* brut, farine d'avoine*, poudre de cacao* maigre, farine de malt d'orge*).
Labels: Organic,EU Organic,Non-EU Agriculture,Certified B Corporation,DE-ÖKO-001,EU Agriculture,EU/non-EU Agriculture,Green Dot,Made in Germany,Planet-Score,AB Agriculture Biologique,fr:Planet-score-b
Categories: Plant-based foods and beverages,Plant-based foods,Breakfasts,Cereals and potatoes,Cereals and their products,Breakfast cereals,Chocolate cereals,Mueslis,Mueslis with chocolate
Packaging: Plástico,Bolsa,en:Dry,fr:Sachet en plastique",https://images.openfoodfacts.org/images/products/322/982/076/9165/front_en.148.400.jpg,,,,
P011,Céréales Muesli croustillant chocolat noir paquet 500g,U,recyclable,"Product name: Céréales Muesli croustillant chocolat noir paquet 500g
Brand: U
Generic name:
Ingredients: Céréales [flocons d'AVOINE complète 50%, flocons de BLE complet 6.5%, farine de BLE 4.9%, céréales extrudées (semoule de riz, farine de BLE 1.7%, sucre, farine de MALT de BLE, sel, sucre caramélisé en poudre), pétales de maïs (maïs, sucre, extrait de MALT D'ORGE, sel, émulsifiant : mono - et diglycérides d'acides gras)], sucre, carrés de chocolat noir 12% [pâte de cacao, sucre, émulsifiant: lécithines, arôme naturel de vanille], huile de tournesol (huile de tournesol, antioxydant : extrait riche en tocophérols), noix de coco en poudre, amidon de maïs, caramel (sucre, eau), arôme naturel. Traces éventuelles de soja, lait et fruits à coque
Labels: Nutriscore, Nutriscore C, Emballage recyclable à 100%, Transformé en France
Categories: Aliments et boissons à base de végétaux, Aliments d'origine végétale, Petit-déjeuners, Céréales et pommes de terre, Céréales et dérivés, Céréales pour petit-déjeuner, Céréales au chocolat, Mueslis, Mueslis au chocolat
Packaging:",https://images.openfoodfacts.org/images/products/325/622/925/6651/front_fr.21.400.jpg,,,,
P012,"Muesli bio 36% fruits, noix & graines",Jordans,organic,"Product name: Muesli bio 36% fruits, noix & graines
Brand: Jordans
Generic name: Flocons de céréales complètes avec des raisins, des copeaux de noix de coco, des noisettes grillées et des graines de tournesol issus de l'agriculture biologique.
Ingredients: Céréales complètes (64%) (flocons de blé, flocons d'avoine, pétales de blé grillé (13%)), raisins de sultane (16%), raisins secs (11%), copeaux de noix de coco (3,5%), noisettes grillées entières (3%), graines de tournesol (2,5%)
Labels: Low or no salt,Low or no sugar,Organic,Certified by Ecocert,EU Organic,Non-EU Agriculture,EU Agriculture,EU/non-EU Agriculture,FR-BIO-01,GB-ORG-05,No added salt,No added sugar,Nutriscore,Nutriscore Grade A,Soil Association Organic,AB Agriculture Biologique,fr:Fsc-c020188
Categories: Plant-based foods and beverages,Plant-based foods,Breakfasts,Cereals and potatoes,Cereals and their products,Breakfast cereals,Cereals with fruits,Mueslis,Mueslis with fruits
Packaging: Etui en carton,Sac en plastique à jeter,Sachet en plastique,Étui en carton à recycler",https://images.openfoodfacts.org/images/products/501/047/734/8630/front_fr.144.400.jpg,,,,
P013,Salade & Compagnie Manhattan Poulet Roti,Sodebo,neutral::pasta,"Product name: Salade & Compagnie Manhattan Poulet Roti
Brand: Sodebo
Generic name:
Ingredients: Salade composée 80% (spécialités céréalières cuites (eau, semoule de BLE dur, OEUF, sel, curcuma), OEUF, salade 11%, viande de poulet, carottes, FROMAGE à pâte dure, jus de citron, huile de colza, eau, amidon, fécule, dextrose, ferments, sel, arôme naturel, persil). 
Sauce vinaigrette balsamique 7% (huile de colza, huile d'olive vierge, vinaigre de vin (SULFITES), moût de raisin, sel) 
Cookie au chocolat 7% (sucre, farine de BLE, OEUF, BEURRE, huile de colza, pâte et beurre de cacao, poudre de cacao maigre, poudre à lever: bicarbonate de sodium, émulsifiants: lécithines de SOJA, arôme naturel, sel). 
Gressins 4% (farine de BLE, son de BLE, fibre de BLE, semoule de BLE dur, BEURRE, huile d'olive vierge, huile de colza, eau, levure boulangère, sucre, amidon, fécule, sel, graines de pavot, arôme naturel).
Labels: Nutriscore, Nutriscore Grade A, en:fsc-mix
Categories: Meals,Pasta dishes,Prepared salads,Meals with meat,Pasta salads,Poultry meals,Salads with meat,Meals with chicken,Pasta salad with meat,Pasta salad with chicken
Packaging: Frais",https://images.openfoodfacts.org/images/products/324/227/403/0056/front_fr.96.400.jpg,,,,
P014,Protein Cacahuetes🥜 & Chocolat🍫,Nature Valley,neutral::biscuits,"Product name: Protein Cacahuetes🥜 & Chocolat🍫
Brand: Nature Valley
Generic name: Barre protéinée aux cacahuètes et au chocolat
Ingredients: Cacahuètes grillées (38,6%), protéine de soja, oligofructose, sirop de glucose, huiles et graisses végétales (palme, karité, tournesol, colza), sucre, morceaux de chocolat (sucre, pâte de cacao, beurre de cacao, lécithines de soja), maltodextrine, beurre de cacahuètes (1,9%), cacao maigre en poudre, amidon de tapioca, fructose, lactose (lait), humectant (glycérol), émulsifiants (lécithines de soja), sel de cuisine, arôme naturel (lait), stabilisant (carbonate de calcium). Allergènes: voir les ingrédients en gras. Peut contenir des fruits à coques. Sans gluten.
Labels: No gluten,No preservatives,No colorings
Categories: Aliments et boissons à base de végétaux,Aliments d'origine végétale,Snacks,Snacks sucrés,Barres,Compléments alimentaires,Barres de fruits à coques,Barres de cacahuètes,Barres protéinées,Biscuits sans gluten
Packaging: Carton",https://images.openfoodfacts.org/images/products/841/007/661/0737/front_fr.68.400.jpg,,,,
P015,Biscuits croquants au coeur onctueux de Nutella®,Nutella,neutral::biscuits,"Product name: Biscuits croquants au coeur onctueux de Nutella®
Brand: Nutella
Generic name: Biscuit fourré à la pâte à tartiner aux noisettes et au cacao Nutella®
Ingredients: Pâte à tartiner aux NOISETTES et au cacao 40% (sucre, huile de palme, NOISETTES 13%**, LAIT écrémé en poudre 8,7%**, cacao maigre 7,4%**, émulsifiants : lécithines [SOJA]; vanilline), farine de FROMENT 32,5%, graisses végétales (palme, palmiste), sucre de canne (contient BLE) 8,5%, LACTOSE, son de BLE, LAIT en poudre, miel, poudres à lever (diphosphate disodique, carbonate acide de sodium, carbonate acide d'ammonium), farine d'ORGE malté, cacao maigre en poudre, sel, extrait en poudre de malt d'ORGE et de maïs, amidon de FROMENT, émulsifiants: lécithines [SOJA]; vanilline.
Labels: Vegetariano,fr:Ponto Verde
Categories: Botanas,Snacks dulces,Galletas y pasteles,en:Biscuits and crackers,Galletas,en:Biscuits/Cookies (Shelf Stable),fr:Biscoitos recheados
Packaging: Plastique,O 7 - Autres plastiques",https://images.openfoodfacts.org/images/products/800/050/031/0427/front_fr.510.400.jpg,,,,
P016,"RICORE au Lait, Café & Chicorée, Boîte 400g","Nestlé, Ricore",neutral::coffee,"Product name: RICORE au Lait, Café & Chicorée, Boîte 400g
Brand: Nestlé, Ricore
Generic name: Préparation instantanée pour café au lait, à la chicorée et aux fibres de chicorée
Ingredients: LAIT entier en poudre (38,9%), PETIT-LAIT filtré en poudre, café soluble (8,0%), fibres de chicorée (oligofructose) (8%), chicorée soluble (7,5%), stabilisant : E331, correcteur d'acidité : E340, sulfate de magnésium.
Labels: Point Vert,Fabriqué en France,Sans sucre ajouté,Nutriscore,Nutriscore B,Triman
Categories: Beverages and beverages preparations, Plant-based foods and beverages, Beverages, Plant-based beverages, Beverage preparations, Instant beverages, Instant coffee substitutes, Instant mix of chicory and coffee powder, en:instant-chicory
Packaging: Boîte,Boîte de conserve ou canette,Canette,1 Boîte en métal,1 couvercle Plastique,1 opercule metal",https://images.openfoodfacts.org/images/products/303/371/007/1005/front_fr.209.400.jpg,,,,
P017,Figue & son,Gerblé,neutral::biscuits,"Product name: Figue & son
Brand: Gerblé
Generic name: Biscuits au son de blé et la figue, riches en fibres, magnesium et phosphore, source de fer, et tres pauvres en sodium.
Ingredients: Farine complète de blé 26,5%, farine de blé 26,1%, son de blé 20%, huile de colza, sucre non raffiné, pâte de figues 5,1%, arôme naturel de figue, poudres à lever (carbonates de potassium, carbonates de sodium, acide citrique), arôme naturel, émulsifiant: lécithines.
Labels: No preservatives,Source of fibre,High fibres,Made in France,No colorings,No palm oil,Nutriscore,Nutriscore Grade A,Triman
Categories: Snacks,Sweet snacks,Biscuits and cakes,Biscuits and crackers,Biscuits,fr:Biscuits au son de blé,fr:Biscuits au son de blé et la figue
Packaging: Plastic,Box,Cardboard,fr:Boîte en carton sachet en plastique,fr:Etui en carton,fr:Film en plastique",https://images.openfoodfacts.org/images/products/325/149/033/2080/front_fr.180.400.jpg,,,,
P018,Galettes boulghour & épeautre,Céréal Bio,natural,"Product name: Galettes boulghour & épeautre
Brand: Céréal Bio
Generic name: Spécialité végétale à base de blé et d'épeautre, issue de l'agriculture biologique
Ingredients: Boulgour de blé complet réhydraté 43,5%, petit épeautre cuit (blé) 13,2%, carottes 6%, farine de blé 5,1%, oignons 4,6%, huiles végétales (huile de tournesol oléique, huile de tournesol), concentré de tomates 3,9%, flocons d'avoine complète 3,7%, poivrons rouges 3,2%, gluten de blé 2,8%, flocons de blé complet 2,3%, céleri rave 14%, ail, raisins secs, sel de mer, épices.
Labels: Organic,Vegetarian,Certified by Ecocert,EU Organic,No preservatives,Non-EU Agriculture,Source of fibre,Vegan,Cooked in France,ES-ECO-019-CT,EU Agriculture,EU/non-EU Agriculture,FR-BIO-01,High fibres,Natural colorings,No additives,No colorings,Nutriscore,Nutriscore Grade A,AB Agriculture Biologique,fr:Blé français
Categories: Meat alternatives,Vegetarian patties,Cereals and vegetables patties
Packaging: Carton,Sous atmosphère protectrice,Etui en carton,Film plastique,Plastique recyclable,Sec",https://images.openfoodfacts.org/images/products/317/568/102/8098/front_fr.121.400.jpg,,,,
P019,Délices au Caramel,Lightbody,recyclable,"Product name: Délices au Caramel
Brand: Lightbody
Generic name: Sablés écossais au caramel au sel de Guérande, recouverts de chocolat au lait
Ingredients: Sucre, huile palme, farine de _BLÉ_, poudre de _LAIT_ écrémé (LAIT), farine de _BLÉ_ complète (BLE), beurre de cacao, sirop de glucose, sirop de sucre inverti, pâte de cacao, huile de palmiste, huile de noix de coco, matière grasse de _lait_( LAIT), farine d'_AVOINE_ (AVOINE), sirop de sucre partiellement inverti, poudre de levage (carbonates de sodium, carbonates d'ammonium), _lactose_, sel, émulsifiant (lécithines (_SOJA_)), huile de colza, arôme, gélifiant (pectines), correcteurs d'acidité (tartrate double de sodium et de potassium, triphosphates), maltodextrine
Labels: Végétarien,Au sel de Guérande,Triman,Emballage recyclable à 100%
Categories: Snacks, Snacks sucrés, Biscuits et gâteaux, Biscuits, Biscuits au chocolat, Pâtisseries, Biscuits au chocolat au lait, Biscuits sablés, Sablés au chocolat, Sablés écossais
Packaging: Plastique,Plastique recyclable,Plastique recyclé",https://images.openfoodfacts.org/images/products/503/076/501/8748/front_fr.91.400.jpg,,,,
P020,"Muesli Superfruits Raisins, cassis, cranberry, myrtille",Bjorg,organic,"Product name: Muesli Superfruits Raisins, cassis, cranberry, myrtille
Brand: Bjorg
Generic name: Mélange biologique de céréales et de fruits
Ingredients: Flocons d'avoine* complète, Raisins secs* 16% (raisins secs*, huile de tournesol*), Flocons de blé* complet, Flocons d'épeautre complet* (blé), Flocons de blé, Amandes entières*, Cassis lyophilisés* 1%, Cranberries lyophilisées* 0,6%, Myrtilles lyophilisées* 0,5%. Peut contenir des traces de lait, d'autres fruits à coque, de graines de sésame, de soja. *Ingrédients biologiques.
Labels: Organic,Certified by Ecocert,EU Organic,Non-EU Agriculture,Source of fibre,DE-ÖKO-001,EU Agriculture,EU/non-EU Agriculture,Green Dot,High fibres,Made in Germany,No added sugar,Nutriscore,Nutriscore Grade A,AB Agriculture Biologique,fr:Entreprise Certifiée B
Categories: Plant-based foods and beverages,Plant-based foods,Breakfasts,Cereals and potatoes,Cereals and their products,Breakfast cereals,Cereals with fruits,Mueslis,Mueslis with fruits
Packaging: fr:Sachet plastique à jeter",https://images.openfoodfacts.org/images/products/322/982/078/2560/front_fr.220.400.jpg,,,,
P021,BjORG AMANDE ALMOND SANS SUCRE- NO SUGAR,Bjorg,organic,"Product name: BjORG AMANDE ALMOND SANS SUCRE- NO SUGAR
Brand: Bjorg
Generic name: boisson biologique à base d'amandes sans sucres et d'algue Lithothamnium calcareum source de calcium, avec arôme naturel, stérilisée UHT
Ingredients: Lait d'amandes 98% (eau 95,2%, amandes 2,8%), amidon de riz, arôme naturel d'amande, sel marin, stabilisants (gomme guar, gomme xanthane)
Labels: Low or no sugar, Organic, Certified by Ecocert, EU Organic, 100% vegetable, Calcium source, Certified B Corporation, FR-BIO-01, FSC, FSC Mix, IT-BIO-007, Made in Italy, No added sugar, No palm oil, Nutriscore, Nutriscore Grade B, AB Agriculture Biologique, fr:Pauvre en acides gras saturés, en:plant-based
Categories: Plant-based foods and beverages,Beverages,Plant-based foods,Dairy substitutes,Milk substitutes,Nuts and their products,Plant-based beverages,Plant-based milk alternatives,Nut-based drinks,Almond-based drinks,Unsweetened plain almond-based drinks
Packaging: Tetra Pak,Récipient,en:Brique,en:Brique en carton,en:Frais",https://images.openfoodfacts.org/images/products/322/982/078/7015/front_en.165.400.jpg,,,,
P022,Almond Drink,Bio Organic,organic,"Product name: Almond Drink
Brand: Bio Organic
Generic name: Bon Organic Almond drink Sugar-free plant-based
Ingredients: water, 2,3% almonds', maltodextrins', sea salt, stabilizers: carob seed flour, gellanic gum, emulsifier: sunflower lecithin', natural aroma, 'from organic farming
Labels: Low or no sugar,Vegetarian,No gluten,Organic,EU Organic,Non-EU Agriculture,Vegan,100% vegetable,EU Agriculture,EU/non-EU Agriculture,European Vegetarian Union,European Vegetarian Union Vegan,FSC,FSC Mix,IT-BIO-009,No added sugar,No lactose,No sugar,Nutriscore,Nutriscore Grade B,Veganok,Triman,de:nachhaltige-verpackt,de:ressourcen-schützen,V-label
Categories: Beverages and beverages preparations,Plant-based foods and beverages,Beverages,Plant-based foods,Dairy substitutes,Milk substitutes,Nuts and their products,Plant-based beverages,Plant-based milk alternatives,Nut-based drinks,Almond-based drinks,Frühstücke,Getränke,Nüsse-und-nussprodukte,Pflanzliche-getränke,Pflanzliche-lebensmittel-und-getränke
Packaging:",https://images.openfoodfacts.org/images/products/405/648/934/6357/front_en.327.400.jpg,,,,
P023,12 granos y semillas con masa madre,Oroweat,biodegradable,"Product name: 12 granos y semillas con masa madre
Brand: Oroweat
Generic name:
Ingredients: Harina de trigo (gluten), harina de trigo integral, jarabe de maíz de alta fructosa, mezcla de granos 8% (hojuelas de avena, salvado de trigo, haina de centeno, harina de cebada, gritz de maíz, semilla de linaza 1%, harina de soya, amaranto 0.5%, harina de arroz, mijo blanco), gluten de trigo, levadura, girasol 2%, aceite vegetal, hojuelas de avena 1%, sal yodada, ajonjolí 1%, uva pasa, leche, melaza, fosfato monocálcico, vinagre, propionato de calcio, mono y diglicéridos, miel de abeja 0.2%, esteres de ácido acetil tartárico, almidón enzimas sorbato potásico.
Labels: Sistema de Etiquetado Frontal de Alimentos y Bebidas,No colorings,Exceso Sodio,es:Empaque biodegradable
Categories: Plant-based foods and beverages,Plant-based foods,Cereals and potatoes,Cereals and their products,Breads,Sliced breads,Multigrain sliced breads,Wholemeal breads,Cereal and odd bread
Packaging: Plástico",https://images.openfoodfacts.org/images/products/750/100/037/5295/front_en.62.400.jpg,,,,
P024,Strawberry Pastry Crisps,Kellogg's Special K,recycled,"Product name: Strawberry Pastry Crisps
Brand: Kellogg's Special K
Generic name: Cereal bars with strawberries
Ingredients: Enriched flour (wheat flour, niacin, reduced iron, vitamin B₁ [thiamin mononitrate], vitamin B2 [riboflavin], folic acid), sugar, vegetable glycerin, vegetable oil (soybean, palm and/or palm kernel), fructose, dextrose, maltodextrin, modified food starch, apple powder, strawberry puree concentrate, nonfat milk, cornstarch, invert sugar, leavening (baking soda, sodium acid pyrophosphate, monocalcium phosphate), soy lecithin, reduced minerals whey, salt, DATEM, vegetable juice for color, sodium citrate, natural flavors, cellulose gel, citric acid, malic acid, mono - and diglycerides, cellulose gum, sodium alginate, tricalcium phosphate, rosemary extract for freshness.
Labels: Kosher,No artificial colors,Orthodox Union Kosher,100% Recycled Paperboard
Categories: Snacks,Sweet snacks,Bars,Cereal bars,Fruits cereal bars,Strawberry cereal bars
Packaging:",https://images.openfoodfacts.org/images/products/003/800/016/7782/front_en.38.400.jpg,,,,
